r2_score,MAE,MAPE
0.9322620921576323,766.1552753119001,0.011110373358752843
